CVE_ID;CWE_ID;numbers_of_exploits;vulnerability_types;publish_date;update_date;score;gained_access_level;access;complexity;authentication;confidentiality;integrity;availability;description;link;date_entry_created;is_CVE_fixed;solution;vulnerability_in_the_future;reported_to_security_team;issue_public;update_released;patch;author_patch;address_author_patch;start_date_of_fixing;finish_date_of_fixing;number_days_fix;changed_lines;added_lines_globally_patch;removed_lines_globally_patch;changed_files_patch;added_line_file_patch;removed_line_file_patch;global_or_local_change_patch
CVE-2006-7197;;;;2007-4-25;2008-9-5;7.8;None;Remote;Low;Not required;Complete;None;None;The AJP connector in Apache Tomcat 5.5.15 uses an incorrect length for chunks, which can cause a buffer over-read in the ajp_process_callback in mod_jk, which allows remote attackers to read portions of sensitive memory.;https://www.cvedetails.com/cve/CVE-2006-7197/;20070425;No;;;;;;https://bz.apache.org/bugzilla/show_bug.cgi?id=38859;Ruediger Pluem;rpluem@apache.org;2006-3-5;2006-3-5;6;16;16;0;native/common/jk_ajp_common.c;16;0;Local
CVE-2007-3384;;;XSS;2007-8-7;2008-11-15;4.3;None;Remote;Medium;Not required;None;Partial;None;Multiple cross-site scripting (XSS) vulnerabilities in examples/servlet/CookieExample in Apache Tomcat 3.3 through 3.3.2 allow remote attackers to inject arbitrary web script or HTML via the (1) Name or (2) Value field, related to error messages.;https://www.cvedetails.com/cve/CVE-2007-3384/;20070625;No;When reporting error messages, Tomcat does not filter user supplied data before display. This enables an XSS attack. A source patch is available from the archives.;;;;;https://archive.apache.org/dist/tomcat/tomcat-3/v3.3.2-patches/src/CVE-2007-3384.patch;;;;;;6;3;3;modules/generators/ErrorHandler.java;3;3;Local
CVE-2007-3382;200;;+ Info;2007-8-14;2017-10-10;4.3;None;Remote;Medium;Not required;Partial;None;None;"Apache Tomcat 6.0.0 to 6.0.13, 5.5.0 to 5.5.24, 5.0.0 to 5.0.30, 4.1.0 to 4.1.36, and 3.3 to 3.3.2 treats single quotes (""'"") as delimiters in cookies, which might cause sensitive information such as session IDs to be leaked and allow remote attackers to conduct session hijacking attacks.";https://www.cvedetails.com/cve/CVE-2007-3382/;20070625;"Yes. Fixed in Apache Tomcat 6.0.14: 
http://tomcat.apache.org/security-6.html";Tomcat incorrectly treated a single quote character (') in a cookie value as a delimiter. In some circumstances this lead to the leaking of information such as session ID to an attacker.;No;;;2007-8-13;https://bugzilla.redhat.com/attachment.cgi?id=159049;Mark J. Cox;mark@wave.com;2007-7-12;2007-7-12;1;7;3;4;cookies.java;3;4;Local
CVE-2007-5461;22;;Directory Traversal;2007-10-15;2017-9-28;3.5;None;Remote;Medium;Single system;Partial;None;None;Absolute path traversal vulnerability in Apache Tomcat 4.0.0 through 4.0.6, 4.1.0, 5.0.0, 5.5.0 through 5.5.25, and 6.0.0 through 6.0.14, under certain configurations, allows remote authenticated users to read arbitrary files via a WebDAV write request that specifies an entity with a SYSTEM tag.;https://www.cvedetails.com/cve/CVE-2007-5461/;20071015;"Yes. Fixed in Apache Tomcat 4.1.37, 5.5.26, 6.0.16:
http://tomcat.apache.org/security-4.html
http://tomcat.apache.org/security-5.html 
http://tomcat.apache.org/security-6.html";When Tomcat's WebDAV servlet is configured for use with a context and has been enabled for write, some WebDAV requests that specify an entity with a SYSTEM tag can result in the contents of arbitary files being returned to the client.;No;;;2008-2-8;https://marc.info/?l=tomcat-dev&m=119293594808371&w=2;Mark Thomas;markt@apache.org;2007-10-21;2007-10-21;1;27;27;0;java/org/apache/catalina/servlets/WevdavServlet.java;1;0;Local
CVE-2007-5461;22;;Directory Traversal;2007-10-15;2017-9-28;3.5;None;Remote;Medium;Single system;Partial;None;None;Absolute path traversal vulnerability in Apache Tomcat 4.0.0 through 4.0.6, 4.1.0, 5.0.0, 5.5.0 through 5.5.25, and 6.0.0 through 6.0.14, under certain configurations, allows remote authenticated users to read arbitrary files via a WebDAV write request that specifies an entity with a SYSTEM tag.;https://www.cvedetails.com/cve/CVE-2007-5461/;20071015;"Yes. Fixed in Apache Tomcat 4.1.37, 5.5.26, 6.0.16:
http://tomcat.apache.org/security-4.html
http://tomcat.apache.org/security-5.html 
http://tomcat.apache.org/security-6.html";When Tomcat's WebDAV servlet is configured for use with a context and has been enabled for write, some WebDAV requests that specify an entity with a SYSTEM tag can result in the contents of arbitary files being returned to the client.;No;;;2008-2-8;https://marc.info/?l=tomcat-dev&m=119293594808371&w=2;Mark Thomas;markt@apache.org;2007-10-21;2007-10-21;1;27;27;0;java/org/apache/catalina/servlets/LocalStrings.properties;1;0;Global
CVE-2007-5461;22;;Directory Traversal;2007-10-15;2017-9-28;3.5;None;Remote;Medium;Single system;Partial;None;None;Absolute path traversal vulnerability in Apache Tomcat 4.0.0 through 4.0.6, 4.1.0, 5.0.0, 5.5.0 through 5.5.25, and 6.0.0 through 6.0.14, under certain configurations, allows remote authenticated users to read arbitrary files via a WebDAV write request that specifies an entity with a SYSTEM tag.;https://www.cvedetails.com/cve/CVE-2007-5461/;20071015;"Yes. Fixed in Apache Tomcat 4.1.37, 5.5.26, 6.0.16:
http://tomcat.apache.org/security-4.html
http://tomcat.apache.org/security-5.html 
http://tomcat.apache.org/security-6.html";When Tomcat's WebDAV servlet is configured for use with a context and has been enabled for write, some WebDAV requests that specify an entity with a SYSTEM tag can result in the contents of arbitary files being returned to the client.;No;;;2008-2-8;https://marc.info/?l=tomcat-dev&m=119293594808371&w=2;Mark Thomas;markt@apache.org;2007-10-21;2007-10-21;1;27;27;0;java/org/apache/catalina/servlets/WevdavServlet.java;25;0;Global
CVE-2008-0128;16;;;2008-1-22;2017-8-7;5.0;None;Remote; Low;Not required;Partial;None;None;The SingleSignOn Valve (org.apache.catalina.authenticator.SingleSignOn) in Apache Tomcat before 5.5.21 does not set the secure flag for the JSESSIONIDSSO cookie in an https session, which can cause the cookie to be sent in http requests and make it easier for remote attackers to capture this cookie.;https://www.cvedetails.com/cve/CVE-2008-0128/;20080107;"Yes. Fixed in Apache Tomcat 4.1.39, 5.5.21, 6.0.9:
http://tomcat.apache.org/security-4.html
http://tomcat.apache.org/security-5.html 
http://tomcat.apache.org/security-6.html";"When using the SingleSignOn Valve via https the Cookie JSESSIONIDSSO is transmitted without the ""secure"" attribute, resulting in it being transmitted to any content that is - by purpose or error - requested via http from the same server.";No;;;2007-2-8;https://bz.apache.org/bugzilla/show_bug.cgi?id=41217;Chris Halstead;;2007-1-11;2007-1-11;1;3;3;0;java/org/apache/catalina/authenticator/AuthenticatorBase.java;3;0;Local